{
  "cols": 40,
  "mean": [
    0.002602589439929408,
    0.0021379627002056176,
    0.0013071624973021885,
    0.0010606906908637314,
    0.0010574500683658554,
    0.001002415528466158,
    0.0009810406122329261,
    0.0010201578780634365,
    0.0009605879581524242,
    0.0007950890222655646,
    0.0006358250467718451,
    0.0008573507725754205,
    0.0009200515142212823,
    0.0009043383692829486,
    0.0008864626881903878,
    0.0008274275471693745,
    0.0008699554172755383,
    0.0008233529880788981,
    0.0007745628113922316,
    0.0007301021233776256,
    0.0006517079737557866,
    0.0005966645566171364,
    0.0005217108766516379,
    0.0004973169701520865,
    0.0004736915865328674,
    0.0005033731999277484,
    0.000479696944524881,
    0.0004407968520479021,
    0.00043291517495698133,
    0.000412776050164693,
    0.0003920960644951693,
    0.0004047474027246091,
    0.00041693809822283904,
    0.0004842524559695876,
    0.0004901814577797446,
    0.0004926056940081146,
    0.0005082685643619876,
    0.0004969116686398218,
    0.0005031049500650945,
    0.0005141688573833866
  ],
  "std": [
    0.0009264534337659248,
    0.000771144695484769,
    0.0004491565606429483,
    0.00041497099693452513,
    0.0004933174696732488,
    0.0005648069544627055,
    0.0005887625939215418,
    0.00044001187420701117,
    0.0005220856940758418,
    0.0003392300369623976,
    0.00026153007681412667,
    0.00031167120425829357,
    0.0003526740565255808,
    0.0003878358228439136,
    0.00038451242842112827,
    0.0003663195018691991,
    0.00041414206286335026,
    0.00039231148697743744,
    0.00032825239633142836,
    0.00033637118080224245,
    0.00038561825305592534,
    0.00040708695990880275,
    0.0003891953112654355,
    0.0003833865417883534,
    0.0003371482440494413,
    0.0003534813648204806,
    0.0003530529696518153,
    0.0003938125120631237,
    0.0004797736590061069,
    0.0005305786848490464,
    0.00041899606853161944,
    0.0004196145469275463,
    0.0004868535332754455,
    0.000571235993958807,
    0.0005852494488304082,
    0.0005726524107648866,
    0.0006282081110742352,
    0.0005894114480502614,
    0.0006113971335266165,
    0.0006735972138005389
  ]
}
