{
  "cols": 40,
  "mean": [
    0.0025916759235793483,
    0.0021219664582507927,
    0.001301248032484784,
    0.001056601851743906,
    0.0010509717039304315,
    0.0009963368022188471,
    0.0009780700946704472,
    0.0010164357503904815,
    0.0009591428484758604,
    0.0007943211039437537,
    0.0006334419041821376,
    0.0008520453907708129,
    0.0009119157494550765,
    0.0008958672092435276,
    0.0008814311031646748,
    0.0008248539818012361,
    0.0008673834546987729,
    0.0008204731041929902,
    0.0007717078231318927,
    0.0007268260651708024,
    0.0006475992179600455,
    0.000594033342132242,
    0.00052059959517618,
    0.0004945750699405764,
    0.00047164275860882597,
    0.0004998359687636945,
    0.00047729367162735963,
    0.00043995139089752404,
    0.00043166809051139614,
    0.0004101399006851187,
    0.0003908288347808487,
    0.0004044386159285431,
    0.0004179570116391844,
    0.0004850938937609014,
    0.0004897383575328828,
    0.0004909250181464648,
    0.0005078368704425294,
    0.000495694193580073,
    0.0005024073810079256,
    0.0005127632531574429
  ],
  "std": [
    0.0011172797225483416,
    0.0009417459657203334,
    0.0005830251590860484,
    0.0005220650667365647,
    0.0006444228069882308,
    0.0008714398491801712,
    0.0008890201914308439,
    0.0006704169890610319,
    0.0008607407935231832,
    0.0004900569473910842,
    0.00041683284335751,
    0.000496777017103537,
    0.0005339116876120929,
    0.0005495103716395886,
    0.0005382999041383727,
    0.0005173252757582807,
    0.0005624642382544596,
    0.0004900390299055313,
    0.0004401917633879425,
    0.0004092290564301205,
    0.00044433247933809377,
    0.0004753702670404703,
    0.00044781842138901147,
    0.000435043450854565,
    0.00039785109489195915,
    0.00041732065431173695,
    0.0004080831854415923,
    0.00043980588761362906,
    0.000540264862158584,
    0.0005792754220969701,
    0.00045487913937672223,
    0.00045191226344345754,
    0.0005219316827341726,
    0.0006087161473275818,
    0.0006359540593683694,
    0.0006154630188680751,
    0.0006798312878534253,
    0.0006394077580843767,
    0.0006554598481897114,
    0.0007171236787740309
  ]
}
