{
  "cols": 19,
  "mean": [
    0.05104396149225823,
    0.050168514684713506,
    0.0494307869029316,
    0.0478745245604546,
    0.04705860071948596,
    0.04534849220669115,
    0.04862809545517742,
    0.051646209701702195,
    0.05324007050654331,
    0.05453453697747999,
    0.05542263484426907,
    0.05658972808583216,
    0.056942835508228894,
    0.057340958356470254,
    0.05740171714456051,
    0.0565564907409928,
    0.05468956529126539,
    0.05358436650705415,
    0.05249791020745194
  ],
  "std": [
    0.007816977940336879,
    0.00875901486842321,
    0.009486160921872927,
    0.007022956761377504,
    0.006806422791850968,
    0.00664521053491094,
    0.007779246665015792,
    0.00945032627770648,
    0.008791253805353788,
    0.009499532481637419,
    0.010039873332616269,
    0.011968030681861497,
    0.00885873942192766,
    0.007082405079232421,
    0.006928575034601398,
    0.007932380394511867,
    0.008609153575127492,
    0.008228042404703977,
    0.007919184628300184
  ]
}
