{
  "cols": 30,
  "mean": [
    28.95986771583557,
    1.4826897829771042,
    3.130152150988579,
    -1.4362926110625267,
    -0.4426764484960586,
    -0.8580444911494851,
    -0.22869365985388868,
    0.40374580305069685,
    0.4542553788051009,
    -0.8426000592298806,
    0.42697018111357465,
    -0.573408841737546,
    -0.3009016758296639,
    -0.8483451791107655,
    0.011015131836757064,
    1.6081620380282402,
    0.43021877692081034,
    -0.6274077966809273,
    1.1679157391190529,
    0.029861789516871795,
    -1.2327383272349834,
    0.3792660413309932,
    -0.24600852059666067,
    -0.5156370876356959,
    -0.017373081762343645,
    -0.623080076649785,
    0.5012983782216907,
    0.5973496399819851,
    0.16298682149499655,
    0.8314790315926075
  ],
  "std": [
    0.8187765946679961,
    0.5064644549942586,
    0.5542313183168656,
    0.3597185282629633,
    0.37648775308157423,
    0.4175641037550891,
    0.2957779694574477,
    0.3739756724948341,
    0.273278075706128,
    0.28102694774360265,
    0.26786592282979405,
    0.23099613142794218,
    0.23740863406577908,
    0.3062140746878138,
    0.2593643983450621,
    0.23470710940399597,
    0.24482499123074483,
    0.2371851464347195,
    0.16451481423868938,
    0.18419786327064833,
    0.15485793221354047,
    0.1523375322397081,
    0.18014717566977562,
    0.18208914361197737,
    0.159225178478358,
    0.1846829378279951,
    0.13677855459590568,
    0.13035854203418712,
    0.13504405663170127,
    0.09425781345831921
  ]
}
