{
  "cols": 40,
  "mean": [
    0.0018865406227632775,
    0.0018663801832493239,
    0.001889964189103921,
    0.0019370889355438219,
    0.0017185656182239957,
    0.0020801168842202364,
    0.0017828102872954332,
    0.001536883949180871,
    0.001576663801643008,
    0.0016495913641847437,
    0.0015543491352521717,
    0.0015255642389699158,
    0.0013110324650066711,
    0.0011821373373095412,
    0.0010561093819584737,
    0.0010307342063242686,
    0.0010881958141908399,
    0.0009457124818557835,
    0.0008942492398394583,
    0.0008656912256507591,
    0.0008156657678834259,
    0.0007783803139318479,
    0.0007560744890421726,
    0.0008629594187065474,
    0.0008090315956602959,
    0.0006900673209505234,
    0.0006036676193161838,
    0.0006111018983574468,
    0.0006498661217998839,
    0.0006711388668918516,
    0.0006080340086403643,
    0.0005206318707375127,
    0.000522557313767417,
    0.0006008429041533722,
    0.0006100253098490308,
    0.0004931242954171466,
    0.00044000812257157423,
    0.00045880574627214327,
    0.000437970811390187,
    0.000403715133870719
  ],
  "std": [
    0.000349806791857372,
    0.00024122937666232837,
    0.0002593356883067839,
    0.00026848096440025494,
    0.0002243419715471872,
    0.00031152238337828447,
    0.0002251452784076193,
    0.0001881693890800802,
    0.0001854188159641277,
    0.00019478137171345948,
    0.00017287688571677976,
    0.00018055555709027305,
    0.000150300150044171,
    0.00013820240059962257,
    0.00012028178803127607,
    0.00011479007135552396,
    0.00012544874213345528,
    9.98804128312085e-05,
    9.078914565019292e-05,
    8.81545751647508e-05,
    8.05828972442349e-05,
    7.775638600535215e-05,
    7.483922649745639e-05,
    8.204511103283136e-05,
    7.129461733093706e-05,
    6.571243458127962e-05,
    5.248699827306668e-05,
    5.740341044489467e-05,
    5.939143620987482e-05,
    6.105220456643344e-05,
    5.670516264387837e-05,
    4.440435746128872e-05,
    4.778114015534067e-05,
    5.736998369341222e-05,
    5.3542169143855657e-05,
    4.3707250502444126e-05,
    3.8621282993801354e-05,
    4.1412135851473635e-05,
    4.513712579369893e-05,
    4.351919625315962e-05
  ]
}
