{
  "cols": 30,
  "data": {
    "0": [
      -2.1700534205999094,
      0.7611120248821774,
      1.4859406199996887,
      0.7314929884692986,
      -2.63091358644039,
      -2.2150379454628353,
      -1.1835539005558549,
      1.1706779766172162,
      0.39140849288558105,
      -0.3375006353964106,
      1.4936677031183294,
      0.20846363895314707,
      -1.9987523955948205,
      -1.4244418702183368,
      -2.3359495720681003,
      -2.0787316512975447,
      -1.4105698907713728,
      -2.1506003665530447,
      -1.0658729805179035,
      -0.8343054505828239,
      -1.3746466503828199,
      -1.148089799860551,
      -1.2377916307873287,
      -1.0160049517010699,
      -0.049625885241124046,
      0.2758752745077794,
      -0.25008119931791617,
      0.3660089215114647,
      1.0604520903603332,
      0.41290655083864153
    ],
    "1": [
      -2.22229269242248,
      1.5573852260894532,
      0.4342372697621858,
      0.4014377940966963,
      -1.4270472526107114,
      -1.0565940328607923,
      -0.856242393374212,
      -2.1031992102409367,
      -2.172495405740473,
      -2.0229010893121115,
      -1.6253183019587614,
      -0.6626890895029283,
      -2.061537604777084,
      -0.4337311002817898,
      -0.6293337450441182,
      -1.3289700889148237,
      -0.5396992554423576,
      -0.39691586996498956,
      -0.33032297217475287,
      1.0053756338657192,
      -1.0907637111300963,
      0.6227218093534855,
      -1.59533246370747,
      -0.7348621143233349,
      -1.6442152788241353,
      -2.6458938672567656,
      -1.2577040530389567,
      -1.2828947914554678,
      -0.21559794773159308,
      0.08768187495792108
    ],
    "10": [
      -0.46137381270903266,
      -0.2149717649612746,
      0.5093826281989069,
      0.7669994211313185,
      0.4660694022002116,
      0.5575925410978131,
      1.265607801859746,
      1.0812554711926492,
      1.2448331430973367,
      -0.6908238735080525,
      -0.824077676202224,
      -1.0285025963167036,
      0.6109437578800713,
      0.1669813577742432,
      0.1278205064661022,
      0.15813573533365383,
      1.146027889423006,
      0.41875340659285193,
      -0.8377602783927033,
      -0.19121530108920118,
      0.25797508286295184,
      0.7949585080578623,
      0.26004752485682014,
      0.0014546223291202484,
      0.2130752090781479,
      0.5441015915079759,
      0.05069099081203307,
      -0.41919549395076133,
      -0.8545059863300491,
      -0.9073802367248444
    ],
    "11": [
      0.2412181863119913,
      -0.8930996806618791,
      0.08572789204293492,
      0.505352650740511,
      0.4006292892023389,
      0.8696236297170629,
      -1.8872195938144485,
      -0.6609926535449324,
      -0.6785316413041514,
      -0.20610408497834948,
      -0.03212550650643138,
      -0.4254119263942437,
      1.2183699031811428,
      0.7932159667034108,
      1.514696481382216,
      0.3530799380136614,
      0.26799867087499823,
      1.452670765941997,
      1.1336164358770477,
      1.6366869113107,
      2.0328689138736005,
      0.7132967873195903,
      0.46588090912525854,
      -0.36043064596589575,
      1.0198437606144655,
      1.6746639474205518,
      0.45968871953603413,
      0.5136408894678587,
      0.837173989727632,
      -0.7508970248302622
    ],
    "12": [
      0.46210935563335714,
      -0.7481107687130274,
      0.5078916283801389,
      0.6812798631127693,
      0.13524217634600902,
      0.3316539601051518,
      0.7594406040039369,
      1.5339697649650241,
      0.5495087017057527,
      0.28162958534830873,
      0.5936632531666364,
      2.4057806653800555,
      1.0051326736326434,
      0.6058143018155245,
      0.514082665469765,
      0.639618492924029,
      -0.8098545634428936,
      -1.1036216858742622,
      1.135429413290883,
      0.6787697797486322,
      -0.4033273820329329,
      -1.3112035222407576,
      0.20010454460943086,
      -1.1982178198639775,
      -1.1727857421017234,
      -0.1574379196858288,
      0.7709033807607572,
      0.7066649814672255,
      -0.1372558792510112,
      -0.6919593993626685
    ],
    "13": [
      1.47250422932372,
      1.1487555887568428,
      0.6282169484342667,
      0.8461228727144375,
      0.6385649184546603,
      0.05137242463948171,
      -0.28989745043533605,
      -0.007062262602988308,
      -0.0850040914181265,
      2.6437423434852887,
      2.2013251457543412,
      -0.34090815481107595,
      0.7928913345676675,
      1.3535146541889853,
      0.5113200567980347,
      0.5447984258874173,
      1.6059159937015033,
      1.9392496540590802,
      1.8184045258553627,
      1.4482282348843796,
      1.2793111909611046,
      1.5255192840865197,
      1.2846936585178395,
      0.3881254116381883,
      0.4638191234398938,
      0.17506860229448915,
      -0.055487931519588946,
      1.2607753614403645,
      -0.5711577841328799,
      0.06915063546640435
    ],
    "14": [
      -0.758975761121469,
      1.4779850903350515,
      0.41847207606391373,
      0.6972398955650558,
      1.1980211415727327,
      1.8421916220273753,
      1.3916510897661494,
      0.19224831427693345,
      -1.1251432201354932,
      1.0938280983651378,
      1.041220241979117,
      0.05505806636556227,
      -0.35807282485643643,
      0.1416949283482583,
      -0.1379058073533819,
      0.6334748547101381,
      1.208704491545085,
      0.13504240850753177,
      -0.3779879019437722,
      0.34187998269751585,
      -0.17015102132267648,
      1.3643141619897736,
      1.7628757320032495,
      0.9636311111489559,
      1.2519899750981172,
      -0.9199944077001223,
      -1.2578167008200358,
      0.4809786785498459,
      2.0158444881247783,
      1.009786360805701
    ],
    "15": [
      0.04936902376039085,
      -0.18941305299875905,
      0.9208284590298773,
      0.7895860484531216,
      1.360025038247735,
      1.4726290772427155,
      0.021426559763043213,
      -0.2111165781141892,
      0.6437884366414853,
      -0.2846442326786636,
      -1.3489179460649654,
      -1.0061525444582788,
      -0.5360870209288326,
      0.594921674084316,
      1.1607379706559593,
      -0.0251205207046494,
      -0.13142063171236604,
      -0.11953687983624216,
      1.0562272269341921,
      0.4075148177039537,
      -0.5709493049791172,
      -0.7609560755440413,
      -0.12760289354444046,
      0.31985814849848526,
      0.9243269798970725,
      0.5111139727339477,
      1.079282019705933,
      1.9237390497656814,
      0.617948786085005,
      3.3038020440312796
    ],
    "2": [
      0.673307431975739,
      -1.2176000190736787,
      -0.6020742819999796,
      -0.37520601764792333,
      0.5283905789384413,
      -1.0812481535920715,
      -0.40604498548459,
      0.03336586278530178,
      0.16246761694334605,
      0.3620573859686019,
      -0.41546828839577526,
      -1.38314946327658,
      0.1460591866642405,
      -0.1978780695662805,
      0.41459962481505114,
      -0.4724191325982893,
      -0.6853439679313269,
      -0.3028673199895385,
      -1.4094673440866046,
      -1.4352779516716754,
      -1.6187941687883434,
      0.6694334122934311,
      0.5035363988150664,
      1.992522054807876,
      1.7919239732189998,
      0.9615411219884631,
      0.29258913637969336,
      0.027620753122091696,
      -0.16894251590101508,
      -0.8981781689179666
    ],