{
  "cols": 19,
  "mean": [
    0.053422249660282556,
    0.0533449518570524,
    0.052828660372369544,
    0.05082401606494081,
    0.04903395000302387,
    0.04686604693026362,
    0.04903521701812506,
    0.05048037349374708,
    0.05083907121223604,
    0.05159829965905991,
    0.052774796704808155,
    0.05420783809023703,
    0.05480643477803933,
    0.05569496622937406,
    0.056321616278972454,
    0.05583642850706201,
    0.054421125147157086,
    0.053907438153456784,
    0.05375652007773489
  ],
  "std": [
    0.00356191164647676,
    0.003972008219718992,
    0.00439923518531385,
    0.0037735849495361437,
    0.003714554388547767,
    0.004234867215003963,
    0.004076462994004998,
    0.0037845550388400776,
    0.003359359953540337,
    0.003510924758321665,
    0.003893786754905684,
    0.004105954680758719,
    0.0034157712055262793,
    0.003404663944326684,
    0.0035535030028618197,
    0.003552969355259181,
    0.0036206642671359284,
    0.003677220830367547,
    0.003774502496123651
  ]
}
