{
  "cols": 30,
  "mean": [
    62.77184638656488,
    1.121899491723846,
    4.0617344654595655,
    1.4511733462861856,
    1.4518629758376158,
    3.2278434036440458,
    3.442024039182843,
    2.531394152412927,
    -0.3027590611839996,
    0.45470828572953387,
    -0.36828977063673884,
    -0.04711134432807189,
    -0.6163811368981236,
    0.7978181557675057,
    0.46217331971127945,
    0.5956984389761165,
    0.09340572776272893,
    0.5592074299528569,
    -0.02557533552690151,
    -0.2498976541330897,
    0.00988685486431257,
    -0.15940215621395976,
    -0.326912406790892,
    0.07555869918222688,
    0.023593834259922952,
    0.04643280836244842,
    0.20435590717644125,
    0.021469075671013665,
    0.05500974839537585,
    0.3422202993894315
  ],
  "std": [
    9.614173406897036,
    8.97683293781947,
    5.2137338638303925,
    5.618297366287039,
    2.9562464763989,
    4.302999236245385,
    3.024997887379085,
    2.5865097907057972,
    2.0291561776177147,
    1.9263101598314085,
    2.648792650829246,
    2.294069243843964,
    1.2308265903990459,
    1.1489964005930409,
    1.684672635300254,
    1.0022522086695813,
    1.1346981144076325,
    1.3218204600658616,
    1.0711391055807593,
    1.3306955877813689,
    0.7145032612569377,
    0.735369955694975,
    0.8172303924083638,
    0.8083247449520367,
    0.6990339193360965,
    0.6375384323928504,
    0.6041331870725887,
    0.6038929527241188,
    0.6001555791700289,
    0.5790358483560926
  ]
}
