{
  "cols": 19,
  "mean": [
    0.0516142059170774,
    0.050432126873305866,
    0.04990901941699641,
    0.04865508493568216,
    0.047680887830044545,
    0.04629133425652981,
    0.049839940523462634,
    0.05228620670735836,
    0.05285503688667502,
    0.05369353332157646,
    0.054757702691214424,
    0.05590976780546563,
    0.05571414797433785,
    0.056314442264182224,
    0.056424904157008446,
    0.05588949613805328,
    0.05468657695289169,
    0.0539089467429689,
    0.0531366386317781
  ],
  "std": [
    0.007395410464494533,
    0.007591579882184629,
    0.00945412292680355,
    0.009928454285494092,
    0.00870365857199972,
    0.009135690958714702,
    0.011253665181713425,
    0.011387071226174068,
    0.00927335884602805,
    0.008752550268151499,
    0.010186414934163144,
    0.011479046775669851,
    0.008754320416334456,
    0.008317286578620716,
    0.007950474564739579,
    0.008430605953160144,
    0.0096632313050062,
    0.009606531883752318,
    0.008544104800408068
  ]
}
