{
  "cols": 40,
  "mean": [
    0.009143848315721787,
    0.007648758692439736,
    0.004896945532314797,
    0.004404336977863639,
    0.004087605299257741,
    0.0038896405220417898,
    0.0038603928235427637,
    0.0039129130423023566,
    0.0038071866544735866,
    0.003413682046102178,
    0.003173797523387049,
    0.0033764763410123657,
    0.0030200688634067774,
    0.0028156369509993165,
    0.0025747276313046403,
    0.002413185153627859,
    0.002463433032616882,
    0.002301760848395799,
    0.002160032547402718,
    0.0020877940178474002,
    0.00184680398897177,
    0.0015834177135796536,
    0.001307457506943426,
    0.001276672676861536,
    0.0013633027258215518,
    0.0014382680202266428,
    0.001358395840237258,
    0.0013265583299316194,
    0.0012160519112423972,
    0.0010230836721858373,
    0.0009919077249544832,
    0.0009578254848304091,
    0.0008052344165640179,
    0.0007355915910987434,
    0.0007512109878007323,
    0.0006935075305192163,
    0.0006485704178907681,
    0.0007296398819052251,
    0.0007524257873627925,
    0.0009232157375131132
  ],
  "std": [
    0.00445384106601241,
    0.003779518627043743,
    0.0025837506089712815,
    0.0024000608400901744,
    0.001777634462648383,
    0.0012454740856467578,
    0.0016891316522224659,
    0.0019537865599471758,
    0.0019623297469669554,
    0.001669375501095613,
    0.001349884960873023,
    0.002304705175059566,
    0.0018022012657910183,
    0.0014814765493665629,
    0.0011278793859938348,
    0.0009041571801978105,
    0.0008316628778564986,
    0.0008609949104885637,
    0.0007207651588921871,
    0.0008647043303756103,
    0.0006958447264037627,
    0.0005658807371945695,
    0.0004433868634728686,
    0.0005001295223027332,
    0.0005631586917618851,
    0.0005590797784848487,
    0.0005235502032988394,
    0.0005811469305844932,
    0.0004897210107588018,
    0.00041155710031283026,
    0.00044267514244095943,
    0.000529959998252578,
    0.0003917176712497946,
    0.0003044770794653956,
    0.000358102364813144,
    0.00029306266156544535,
    0.00029079853123531213,
    0.0004017910812047551,
    0.00045497189267212896,
    0.0007087274438205621
  ]
}
