{
  "cols": 30,
  "mean": [
    38.732936940874374,
    5.411948283921395,
    -0.007226271242169398,
    5.666736364577498,
    -0.41027288437955056,
    3.4311166611766177,
    1.5856192194623873,
    0.33755120705547076,
    0.4191964792353766,
    3.76440491253244,
    0.8185576644526529,
    1.2593773450750763,
    -0.3079799139206963,
    2.2227525360882283,
    0.19499179750481355,
    1.2143136141422604,
    -0.15491892131311552,
    1.1924096592968063,
    0.2973873392279659,
    0.00991688868296998,
    -0.13046420742092388,
    0.20400812667794527,
    0.029445827709111784,
    -0.02218476424459368,
    -0.270265848321651,
    -0.03579323759435543,
    0.009920666686126164,
    -0.09937136118491513,
    -0.332905831631589,
    0.27706038716382214
  ],
  "std": [
    7.052657014050942,
    9.41249619243162,
    5.719270381045334,
    5.719926803991639,
    4.0105073049935696,
    3.530785846451882,
    3.442984120597868,
    2.857323126935403,
    2.9758895780090855,
    2.5333336078244146,
    2.4647584438362546,
    1.8665321730501798,
    2.4123680259443763,
    1.566667403836523,
    1.9797833226020398,
    1.4178993942527889,
    1.62662364493542,
    1.3125080587653648,
    1.4532660640890331,
    1.307594059533971,
    1.1984122713342857,
    1.0981645461062535,
    1.261827876201557,
    1.0260824366905859,
    0.9663995749708223,
    0.9346748087470456,
    0.8549631135018796,
    0.6887026309948544,
    0.6887781391657225,
    0.7320873385883132
  ]
}
