{
  "cols": 30,
  "mean": [
    31.054546004847477,
    -8.980758905802903,
    3.417264652389445,
    -2.7837499991843573,
    0.5636565153928179,
    -0.4356873318749039,
    0.5048208787890249,
    -1.239419370399494,
    -0.3512301687518821,
    -0.9898681709738938,
    0.563626596336498,
    -0.1642786528130895,
    -0.24304303738876784,
    -0.4176456627702512,
    0.7064313118493086,
    -0.17728734570923016,
    -0.09216649129398559,
    0.014824453457932625,
    0.16423476820713595,
    -0.31522323409904185,
    -0.20675026969739088,
    -0.1921622093619877,
    -0.5525921316645843,
    -0.42451881739850106,
    0.23451413571111565,
    -0.41779866831769286,
    -0.13424013212543764,
    -0.05920544910967644,
    -0.11631238724007026,
    -0.05093735404309547
  ],
  "std": [
    5.235148774776128,
    4.074106826639739,
    5.059580077948298,
    3.635931590148645,
    2.8808667542846256,
    3.1930238403502327,
    1.9378220980464542,
    1.774649859125749,
    0.6751186860536471,
    0.862565754693613,
    0.7163699441580607,
    1.1439136822188893,
    0.5090269311800592,
    0.6981873618225073,
    0.7580310836813444,
    0.6727810576854207,
    0.5129293319603551,
    0.4845591301931354,
    0.45306894626937516,
    0.40168612273156185,
    0.4190577938450071,
    0.37339654519758286,
    0.3961032894787749,
    0.3762507265698311,
    0.3785514662668917,
    0.2441129239298221,
    0.24369713110406244,
    0.2680935524126624,
    0.24001854509619272,
    0.22521357890196175
  ]
}
