{
  "cols": 30,
  "mean": [
    7.000958164016046,
    8.62851352571632,
    -3.4758903672286556,
    -1.7497343256462754,
    -4.167484714738114,
    7.834707924548318,
    -6.306311727733229,
    5.06996182930483,
    1.0006736761709145,
    0.976895125022335,
    3.7674921126994074,
    0.982441042487223,
    -0.49600916140506307,
    1.177094202366451,
    0.27795743847442833,
    2.3021336452049366,
    0.14714723369275215,
    0.6072384972226431,
    1.6208647821789683,
    0.5356623763260664,
    -0.19426033949917731,
    0.3584096730935358,
    -0.23995134121595094,
    0.049551886201907806,
    -0.12355026444715207,
    0.1764635970516813,
    0.07018345345351086,
    -0.2449011823954693,
    -0.3780696571412669,
    -0.17926586779968062
  ],
  "std": [
    10.411162026337617,
    15.266155099619201,
    11.63905358426286,
    9.997621120268844,
    5.851087623181264,
    4.7723248333593284,
    4.27055834439937,
    5.048076722122407,
    3.9985114698175357,
    3.601148219490543,
    3.098252342644997,
    3.0128468437082105,
    3.3179292710453434,
    2.5644343453576584,
    2.4867682483665474,
    2.0241662823515805,
    2.3743814015595954,
    2.0550640584374276,
    1.9818186539937006,
    1.8148397073868134,
    1.96296939264652,
    1.6167040455913644,
    1.651861623994202,
    1.3847436151532253,
    1.336779834229964,
    1.1874868052482088,
    1.064636466924215,
    0.9263126179095198,
    1.041472071865192,
    1.0404122588966254
  ]
}
