{
  "cols": 40,
  "mean": [
    0.001656742310320023,
    0.0011958021091663898,
    0.0007448278560974251,
    0.0007742744820704473,
    0.0008935544201819758,
    0.0008922103666400166,
    0.0009260274870458114,
    0.000977077275910731,
    0.0011003649421470825,
    0.0011718718155800277,
    0.001088288668764342,
    0.0010556572022949497,
    0.0008330600050686778,
    0.000816544012475508,
    0.0008835067310264098,
    0.0008625124585899057,
    0.0009474815957564798,
    0.001048578674959259,
    0.0009531252141407169,
    0.0009067056635597497,
    0.0008069259914655419,
    0.0006395702963938296,
    0.0006193088010236372,
    0.0007459874601301956,
    0.0008278852908100882,
    0.0006986938311472931,
    0.0005655022281010286,
    0.0005309993936627581,
    0.0006818759888020761,
    0.0008336891532386759,
    0.0010020930329374589,
    0.001187406059096955,
    0.0016395984088730202,
    0.0017874804173298054,
    0.001870691463508226,
    0.001534127461596506,
    0.0008869287087596538,
    0.0005562077085126709,
    0.0004228472737837751,
    0.0004104063730940804
  ],
  "std": [
    0.001330048993290818,
    0.0006389840972187969,
    0.00044664181983674163,
    0.00043388627258118156,
    0.00042865414883230845,
    0.0004225019318222866,
    0.00040814160606093846,
    0.0004479947003306199,
    0.0006039951394905961,
    0.0007218530133543708,
    0.0005699323677499177,
    0.000509760415606382,
    0.0004028574785116502,
    0.00041071739716774564,
    0.0007187590932207346,
    0.0007911486765745428,
    0.000907810169969951,
    0.001201110707293512,
    0.001070534220592439,
    0.001182864130194875,
    0.000987304177438038,
    0.0006049668753933697,
    0.0005658494425949225,
    0.0008431910101699186,
    0.0010139594348519759,
    0.0007619360639437262,
    0.00048519766901381064,
    0.0004241353794370717,
    0.0007131186261760066,
    0.0009980460110495311,
    0.0012930715586502465,
    0.001621832977508469,
    0.002903028352495736,
    0.0027515678407001717,
    0.0029383588693098583,
    0.0024385716003039915,
    0.0016841092205690435,
    0.0006202755282116461,
    0.0002667821843238025,
    0.00017995127175062623
  ]
}
