{
  "cols": 19,
  "mean": [
    0.05955932260705875,
    0.058222382013344655,
    0.056531482224449585,
    0.053785853854873604,
    0.04906249796019285,
    0.045853081732415236,
    0.046294346860529884,
    0.04568492104952557,
    0.04716449766103768,
    0.04743993715530607,
    0.048300201680123535,
    0.050431979537785596,
    0.05234414516058982,
    0.05523814689115162,
    0.05655441237234287,
    0.05530367057551356,
    0.05573251138007209,
    0.0567262330981671,
    0.05977037664486003
  ],
  "std": [
    0.02421110277315666,
    0.02467161578693102,
    0.023286705286744456,
    0.0253921935484492,
    0.019214911634037945,
    0.02421229872175792,
    0.023945307162138163,
    0.013693095216391235,
    0.016417510388797105,
    0.014004295139488976,
    0.01246938308026641,
    0.012426045717849239,
    0.012321434549160244,
    0.012957786662455877,
    0.014009155873976758,
    0.015159321465438823,
    0.020052491325225946,
    0.022228959847014812,
    0.025667184749118152
  ]
}
