{
  "cols": 2,
  "mean": [
    2540.064274576455,
    0.3153794099201714
  ],
  "std": [
    2413.686890345193,
    0.20171053586736254
  ]
}
